{"slug":"foldFreeAp-71acf67-9ccd7db-small","title":"foldFreeAp (a -> a) (k <$> FreeAp f a <* FreeAp f b <* ... <* FreeAp f z)","sizeInterpretation":"Number of elements in the array","series":[{"name":"FreeAp Old @ 9ccd7db","results":[{"size":1,"stats":{"moe":0.00038568270496842607,"rme":7.102631437968589,"sem":0.0001967768902900133,"deviation":0.0015618681464160476,"mean":0.005430138228863731,"sample":[0.005493160181818182,0.004844789454545455,0.004492854083333333,0.0043000325,0.0047354925,0.006110354500000001,0.005795844166666667,0.008104144583333334,0.008947811583333333,0.006014007666666667,0.004922178916666666,0.004934386,0.004317865166666666,0.0045299545,0.0048083133846153845,0.004417786923076923,0.004432243230769231,0.004315417384615385,0.005999005384615385,0.006834542,0.007702656153846154,0.007949058307692308,0.00517217523076923,0.00468240423076923,0.004500793846153846,0.004005066,0.004060663153846154,0.004013192153846153,0.004382077846153846,0.006172535000000001,0.007099518076923077,0.008851074923076923,0.0072807271538461536,0.0051203548461538455,0.004380391461538461,0.004347912000000001,0.004613174692307692,0.004071616923076923,0.004287354615384615,0.004374181307692308,0.004052302769230769,0.004803754230769231,0.006417709538461538,0.010640111384615385,0.009513925307692307,0.0045403755384615385,0.0048477324615384615,0.004239905307692308,0.004289027,0.004277902384615385,0.004026770692307693,0.004428921692307692,0.00550103423076923,0.006712756846153846,0.007354228230769231,0.007883248076923076,0.005972272384615385,0.005033314230769231,0.005479601384615385,0.004107342615384616,0.004369968153846154,0.003993033307692307,0.0041963586153846155],"variance":0.0000024394321067891002}},{"size":2,"stats":{"moe":0.000811321519974429,"rme":6.202448799159255,"sem":0.00041393955100736175,"deviation":0.0030976399574091677,"mean":0.013080664528571427,"sample":[0.0106427796,0.010054297,0.010580083,0.011168077799999999,0.0100052178,0.012635634400000002,0.014783672000000001,0.0193392992,0.017517114,0.0172544482,0.0117153986,0.0111620032,0.010077021799999999,0.010654822,0.010055410800000001,0.0104072942,0.014318528399999999,0.019317521400000003,0.019294762200000003,0.015883812599999998,0.012608536600000001,0.0106256146,0.0110744112,0.0101227978,0.010202233199999999,0.012779966500000002,0.011118053166666668,0.0149555715,0.0175105155,0.019824176833333335,0.012836057,0.013417026666666667,0.011008343833333335,0.011125244,0.0110145595,0.013018038333333334,0.0144738935,0.0194111815,0.017484773999999998,0.012880317,0.011011730999999999,0.010777583,0.009869755,0.011031606666666666,0.010682203666666668,0.010226956833333333,0.012929492833333334,0.015798715,0.017213999666666667,0.0181251115,0.012515940833333334,0.0113160815,0.009818879,0.010878961333333333,0.0108018795,0.015159805833333333],"variance":0.000009595373305737871}},{"size":3,"stats":{"moe":0.0017405860001791847,"rme":7.630235228709588,"sem":0.0008880540817240739,"deviation":0.006585985337341205,"mean":0.022811695157575758,"sample":[0.018731571333333332,0.017607857,0.022061405333333336,0.025194093333333334,0.030990697666666667,0.04341894433333333,0.019461733999999998,0.018722255333333333,0.018266081333333333,0.017881837,0.018292531666666667,0.016894757,0.017392741333333333,0.022998511333333332,0.02485026133333333,0.032652583666666665,0.03457854433333333,0.020361828333333335,0.019279894000000002,0.019279202666666665,0.019206006333333334,0.017197446,0.024471464666666665,0.021123495333333336,0.030605564333333335,0.03244224466666667,0.019965238666666666,0.01966675966666667,0.018273339333333333,0.017323356,0.017989342000000002,0.017190729999999998,0.017728016666666666,0.024073726333333333,0.026855719666666666,0.03427306866666666,0.028337803666666665,0.019612982666666667,0.019204772999999998,0.017872522666666665,0.017118887,0.018229286,0.02694260733333333,0.032445797,0.037629092999999995,0.03043357166666667,0.020963343,0.019020257000000002,0.017683119,0.017087134,0.016895533333333334,0.018324847333333335,0.016903064333333332,0.026872594666666666,0.03576316633333333],"variance":0.00004337520286367335}},{"size":4,"stats":{"moe":0.0025384549199700254,"rme":7.113498304771268,"sem":0.0012951300612091966,"deviation":0.008972924273696474,"mean":0.035685042875,"sample":[0.032060583,0.034433775,0.053630476,0.041287859,0.033266407,0.0300944715,0.027514948,0.0283773875,0.0427865135,0.0444416175,0.053804746,0.036685412,0.029002328,0.027838654,0.029430558,0.0278872955,0.02653729,0.026302663,0.0400425965,0.046242684,0.0448325735,0.031533875,0.0308977595,0.029402096,0.0298646405,0.035904187,0.039506175,0.046079984,0.04328929,0.0339655845,0.028493035,0.02698694,0.02786927,0.026122886,0.0280836695,0.0422529745,0.054648759,0.0555531235,0.03033035,0.0294859655,0.028306414,0.028850785,0.0265656835,0.0378460915,0.049468094,0.0527067895,0.0321370015,0.030229796],"variance":0.0000805133700214914}},{"size":5,"stats":{"moe":0.00445143035119654,"rme":8.37755054483096,"sem":0.002271137934283949,"deviation":0.013242896041368035,"mean":0.05313522523529412,"sample":[0.070039038,0.05432783,0.0438871945,0.0442359925,0.0459561895,0.073409169,0.072289669,0.0466532355,0.044347199,0.0461210915,0.063088078,0.077300067,0.0471111425,0.0425711755,0.044667968,0.0402249205,0.0471393875,0.0727471725,0.0711740075,0.0440071665,0.0390669395,0.0395043385,0.0603626,0.0800599465,0.051106043,0.041972779,0.045448131,0.041610318,0.0495464505,0.065106754,0.074317521,0.0431471755,0.0437544225,0.040296545],"variance":0.00017537429556248115}},{"size":6,"stats":{"moe":0.005596219963608991,"rme":7.746153154505933,"sem":0.0028552142671474444,"deviation":0.017367590360177366,"mean":0.072245149972973,"sample":[0.061252641,0.081461439,0.107981122,0.07455256,0.06197482,0.059252373,0.058922663,0.056823835,0.078231521,0.099233761,0.090653267,0.063999991,0.0580769,0.062510108,0.076320566,0.10563527,0.069062538,0.057766122,0.059117258,0.054256625,0.056765701,0.076608026,0.092970639,0.061626355,0.063651607,0.060839018,0.058310633,0.090409628,0.116285205,0.067664764,0.059843981,0.060033987,0.054549607,0.058588374,0.082701332,0.103320408,0.071815904],"variance":0.00030163319491892577}},{"size":7,"stats":{"moe":0.010256829772364282,"rme":10.345214130693755,"sem":0.005008217662287247,"deviation":0.02697007750141872,"mean":0.09914564979310346,"sample":[0.13132313,0.086529755,0.082882303,0.10327623,0.147182805,0.085356067,0.075228287,0.079257299,0.092366618,0.181589751,0.086025925,0.076210686,0.081300687,0.125748894,0.097564907,0.076837934,0.083905919,0.076365287,0.103186984,0.135086226,0.08369183,0.075316056,0.112726825,0.129681367,0.091621179,0.08248899,0.077676626,0.080527947,0.13426733],"variance":0.0007273850804325324}},{"size":8,"stats":{"moe":0.01596136016507287,"rme":11.818099794537142,"sem":0.007695930648540439,"deviation":0.03690838680549874,"mean":0.13505860030434783,"sample":[0.204914152,0.116696224,0.123681118,0.211159343,0.111648168,0.102319525,0.100030175,0.184767853,0.111588436,0.108403,0.174978279,0.138797528,0.102774486,0.100570881,0.167228307,0.145305304,0.109250211,0.124577874,0.179079585,0.103780269,0.102191097,0.10649956,0.176106432],"variance":0.0013622290165843133}},{"size":9,"stats":{"moe":0.01854557914926363,"rme":10.941104497286666,"sem":0.00882702482116308,"deviation":0.03847610916757505,"mean":0.16950372015789475,"sample":[0.172608228,0.133224471,0.255977753,0.148227565,0.141361886,0.228135718,0.144819895,0.157484405,0.206649668,0.138220638,0.135984045,0.226117439,0.14670129,0.21737669,0.149597745,0.134495359,0.170504801,0.178335298,0.134747789],"variance":0.0014804109766751528}},{"size":10,"stats":{"moe":0.0196309164727226,"rme":8.652993894434548,"sem":0.009151942411525687,"deviation":0.03544532054528833,"mean":0.22686848866666665,"sample":[0.300705671,0.191155481,0.268734659,0.200125204,0.270272118,0.183600101,0.208069845,0.236364249,0.234228086,0.203818651,0.191410032,0.262239802,0.228536,0.229890903,0.193876528],"variance":0.001256370748558239}},{"size":11,